xloc (m),yloc (m),t (seconds),mass (grams),vX (Km/s),vY (Km/s),vZ (Km/s),
90274.161936990975,182560.729059495672,11.438153043795,0.000000414968,-23.630600036656,-19.077093512395,-19.330267588083,
143881.106714579742,68704.755368315135,33.386105145287,0.000000067862,-23.629470744251,-19.077093512395,-19.331648027675,
135909.190340461617,150017.996697708586,53.604029567348,0.000000080895,-23.628430395962,-19.077093512395,-19.332919596960,
88935.054022373399,164169.673142885498,62.928774771539,4.908858611663,-23.627950552015,-19.077093512395,-19.333506040831,
189157.961437683698,103493.477379513526,66.144228159530,93.194095329341,-23.627785083958,-19.077093512395,-19.333708261625,
186024.094727346092,41641.702715039639,71.138327437708,0.000021023336,-23.627528082921,-19.077093512395,-19.334022339133,
186396.285898531554,35376.885801595483,73.518341382557,0.000001546941,-23.627405603697,-19.077093512395,-19.334172016347,
60446.185654887173,60080.496384799488,83.596311347885,0.007358136381,-7.964413475408,8.875063327019,-16.129892924714,
162170.756919775216,50571.934539174166,87.788345870555,0.000000038955,-23.626671227144,-19.077093512395,-19.335069429504,
3787.573495647334,36868.126230504284,96.266553129115,0.000000020206,-23.626234897447,-19.077093512395,-19.335602594436,
19052.553673622464,88336.522468817595,104.676551154460,0.000000181686,6.379229118746,-14.127080327361,-7.261236826753,
83763.018924906792,11166.438750999896,111.082751563152,0.000000270525,-23.625472355067,-19.077093512395,-19.336534309935,
36238.375809926038,19452.734510598744,112.733302141587,46.047226808881,-23.625387404215,-19.077093512395,-19.336638102837,
75736.738959201830,126604.326135181866,113.604633206681,0.000000717825,11.945059379329,-0.860348573307,-14.785187029401,
9764.396669442622,162407.948224950407,117.330452209597,2.388108140804,-23.625150794865,-19.077093512395,-19.336927187101,
180825.414879705117,16290.468728834439,120.029608190056,0.000000458353,-23.625011871150,-19.077093512395,-19.337096917774,
34495.664800273065,187719.580145440908,124.135031574492,1.889727043999,-23.624800565488,-19.077093512395,-19.337355076645,
27456.614575998039,132145.083554024575,138.562881237169,0.000000016335,-23.624057943338,-19.077093512395,-19.338262316174,
91872.771564831244,110754.891882951357,148.437572128276,0.000219709004,-23.623549658738,-19.077093512395,-19.338883231470,
26059.104266471579,104799.454777905514,165.204411219739,0.114845048556,-23.622686573972,-19.077093512395,-19.339937490778,
13248.658360130183,66698.738492539400,179.660061739913,19.133810436838,-23.621942421469,-19.077093512395,-19.340846397098,
129132.789470154254,30693.881559972524,187.855209647973,0.000024104255,-23.621520533550,-19.077093512395,-19.341361658436,
27029.251281494580,110067.838248500106,193.818052217862,0.000000025848,-23.621213558119,-19.077093512395,-19.341736560120,
189790.971974253451,21288.566432460222,208.711169882698,0.000000038504,-23.620446813699,-19.077093512395,-19.342672913549,
197954.212284039590,14103.298216578742,216.085161294847,1.285868091291,-23.620067163744,-19.077093512395,-19.343136516592,
54326.565212919406,21350.132332745343,217.848330223108,0.000000056393,-23.619976385649,-19.077093512395,-19.343247365959,
194065.883759261400,167993.328743441321,224.339926870427,0.000011193793,-23.619642156357,-19.077093512395,-19.343655485067,
153252.147636215319,26990.184859781086,233.714439431803,0.000043511033,5.318431048259,-0.548762042932,-15.279345596047,
104917.716103795188,100447.986083234748,236.420993610989,0.000000611654,-23.619020126273,-19.077093512395,-19.344414992293,
38536.924631364309,161739.417752854410,240.023825128883,0.000047539329,-23.618834618918,-19.077093512395,-19.344641489662,
184651.380977284716,10872.109973989463,244.593307638698,0.015684559762,-23.618599336236,-19.077093512395,-19.344928754423,
166483.791284814390,114105.191474637715,253.829209884343,0.000160177912,-5.267256179420,-7.418371025793,-12.629141535312,
9433.606214971956,11171.561833701227,257.443184234354,0.005965206109,-9.282420426074,9.078392896619,-14.082898396582,
29562.231072747978,97106.781280190058,258.605669914319,0.000072552454,-23.617877817844,-19.077093512395,-19.345809636733,
131620.085997500311,115163.978857607144,265.807297668006,0.000004695225,-23.617506982016,-19.077093512395,-19.346262354103,
23836.268318856080,25843.826663080916,280.687031740347,0.000000638392,-23.616740747400,-19.077093512395,-19.347197719293,
62940.058565011634,58408.626910183404,281.656758608890,0.000000225648,-16.037982657383,10.817935155253,-4.372955085781,
47232.280136676200,16113.531376655743,284.417138610781,0.000000165271,-23.616548659062,-19.077093512395,-19.347432195345,
190999.276457721076,152473.667995562137,288.245300165647,0.000070429154,10.807865085082,11.701297121383,-14.972331144064,
134672.703392206458,133560.045026276348,293.261130712254,0.000000019736,-23.616093213011,-19.077093512395,-19.347988124705,
145034.091227521858,182409.088855801878,311.091960455918,0.000134754700,0.471382581102,1.243520401252,-16.188117059986,
13949.618452533485,2029.150018446502,330.048090150548,103.183772841818,-23.614198625440,-19.077093512395,-19.350300421378,
85419.251537651886,117771.935937539121,330.118158023636,0.000000141624,-23.614195016616,-19.077093512395,-19.350304825417,
91042.008408220427,139084.911476985406,344.081621251424,0.000141726014,-23.613475816344,-19.077093512395,-19.351182470078,
180483.585665246123,70397.464331369440,360.570657895720,61.306959897285,-23.612626492248,-19.077093512395,-19.352218819994,
139649.273832402629,117725.084237008909,363.118116782791,0.000000020540,-3.345056215466,16.216801529430,-2.121105613059,
173938.606538798282,147767.131158810575,371.628476746932,0.000000617638,-23.612056896073,-19.077093512395,-19.352913792397,
141216.288347258203,186340.555134994269,392.043290287891,1507.212324851451,3.300272604159,-7.700169681599,-15.097656712773,
101662.601808048887,151113.225336699194,395.951957816722,0.000000010897,-23.610803904164,-19.077093512395,-19.354442438842,
116101.934072458986,125220.956234359852,400.129895620988,0.000000982111,-6.286434758555,-10.179959487752,-9.760902224152,
22089.461372208862,110548.883651542390,400.610055970824,0.000013951322,-23.610563937111,-19.077093512395,-19.354735174911,
168405.900886927004,32942.312425150863,414.266167418886,0.000153547383,-23.609860406590,-19.077093512395,-19.355593369893,
21729.254045478872,17810.875636372446,414.466515563521,0.000000079241,-23.609850084897,-19.077093512395,-19.355605960239,
160932.885026187199,170397.047789506585,423.795441327548,0.000008353211,3.547578896334,5.706120079928,-15.838734411134,
164543.474472301255,152908.776496659091,434.041184544078,0.000000242891,-23.608841589246,-19.077093512395,-19.356836051721,
121028.719814860742,176614.288536438922,438.895974065495,0.000250215036,-23.608591458416,-19.077093512395,-19.357141123341,
138583.706967325503,78729.790580843284,459.964207000526,0.000000575650,-23.607505924985,-19.077093512395,-19.358464999094,
113622.657568520168,54794.068082962302,464.700098188439,0.000078762458,-23.607261899609,-19.077093512395,-19.358762582423,
119419.394792374354,108676.563015351159,467.174754435337,0.000070794545,-23.607134386961,-19.077093512395,-19.358918078118,
15295.071649818559,156175.592759765394,470.682598939418,0.000000020381,-23.606953635046,-19.077093512395,-19.359138493025,
189631.506962566666,159557.637898819201,478.960500454638,0.000000061292,-23.606527083863,-19.077093512395,-19.359658627108,
190653.135340553126,144509.609036781738,483.294250363766,0.000000079162,7.354680945381,8.991871597915,-11.751589928831,
47534.599188184147,189776.542348373303,488.708466816725,0.001158178756,-23.606024767170,-19.077093512395,-19.360271119256,
164926.647207658767,78678.941670714717,489.397140686366,0.000016137580,-23.605989278917,-19.077093512395,-19.360314390086,
109047.845290607744,21537.124635503678,493.759135918593,0.010640292946,-23.605764497869,-19.077093512395,-19.360588461885,
164581.299658096541,2099.886391214212,509.820244842063,0.000305353845,-0.954962193914,4.478581691484,-16.276364520310,
97980.848089302919,44090.070774736945,518.883280343861,0.000008642485,3.044762655390,6.811756653716,-15.083367109490,
165433.980866252416,148632.253157904051,519.520285477237,0.000103050411,-23.604436917044,-19.077093512395,-19.362207026799,
73.124752661147,96656.003890729276,530.909090164176,0.011953141976,-4.667550720343,-8.290843838333,-14.958404496288,
29593.593545609463,146582.953472444846,539.610284870585,0.000813261910,-23.603401517506,-19.077093512395,-19.363469211965,
111347.299447610465,592.272150800954,551.362525216121,0.000000026897,-23.602795798580,-19.077093512395,-19.364207538907,
43525.324578612621,7568.259301083269,552.331554937274,0.000005942132,-23.602745853063,-19.077093512395,-19.364268416727,
153404.351577306836,73010.888093370435,554.462194436549,0.176873626001,-23.602636035549,-19.077093512395,-19.364402270473,
37280.554769747650,78563.279733662130,556.537823343950,0.000007388476,-23.602529052674,-19.077093512395,-19.364532667663,
2066.720307235070,62013.799455988017,558.744615496133,0.000000015467,10.715485994313,-1.079194390862,-11.824499853416,
128080.091886196868,119329.824922019819,580.228698332739,0.000017020795,-23.601307917224,-19.077093512395,-19.366020957225,
144132.596900148608,177524.522470533615,586.272161247470,0.000000343824,-23.600996394632,-19.077093512395,-19.366400602588,
176752.429099444911,49152.364405562010,590.411798831598,0.000042659487,-23.600783005074,-19.077093512395,-19.366660648309,
112302.849611908372,178090.457242221135,601.168195909511,0.000000016917,-23.600228522158,-19.077093512395,-19.367336337794,
260.896570585101,1399.595138916188,604.023262288591,0.001717898726,-23.600081342711,-19.077093512395,-19.367515683142,
11765.527813610977,44790.652719316480,604.733675381596,0.000002004023,-23.600044720519,-19.077093512395,-19.367560308640,
44927.446082052615,196303.619409465144,614.237710781988,0.000001738496,-23.599554773989,-19.077093512395,-19.368157310101,
68219.491002608178,91277.900494779751,614.965351448410,0.518968748754,-23.599517262446,-19.077093512395,-19.368203016770,
2973.807336518619,8659.957233823601,648.943682287307,2.790837368004,-23.597765503577,-19.077093512395,-19.370337280427,
33390.499678054941,129225.098305835389,649.236776001092,0.000000033379,-23.597750392241,-19.077093512395,-19.370355689683,
28706.619406637725,13593.071649345378,666.311862739446,0.064145980754,-23.596870009418,-19.077093512395,-19.371428157933,
90067.324794829794,149727.160058111564,666.911986156547,0.015845200528,-9.739658820772,-6.874456701164,-13.114759461351,
149745.456024865678,62933.738488518153,673.826872753641,0.000030548608,-23.596482523853,-19.077093512395,-19.371900155143,
12811.784190168619,673.838685284101,680.662236570538,0.000007289756,-23.596130073703,-19.077093512395,-19.372329458902,
75761.213414326805,143793.897595066897,695.030561862834,0.000976577305,-23.595389177905,-19.077093512395,-19.373231858999,
43951.082635640712,130850.751702597918,696.486300562568,0.091710001084,-23.595314111506,-19.077093512395,-19.373323284833,
95904.550626968383,181845.652601063077,697.616791916680,0.000000028448,-1.533427093225,3.472976954790,-17.518562436656,
28004.699715416682,116610.706249131064,702.000201523341,0.000004811713,-23.595029779337,-19.077093512395,-19.373669575780,
107329.634758701432,889.487233543806,715.000084417689,0.000001183322,-23.594359401716,-19.077093512395,-19.374485994265,
110912.122034477885,186160.558948278805,718.030596187880,0.000000021958,-23.594203120300,-19.077093512395,-19.374676313099,
116275.494803824331,174336.395288264554,744.865477527636,0.000324653564,-23.592819196912,-19.077093512395,-19.376361512450,
168594.464683677565,107609.256436516487,754.520666143846,0.000000037437,-23.592321231909,-19.077093512395,-19.376967822901,
39359.056076605193,159218.242466656142,759.557581969310,0.000637524392,-23.592061447503,-19.077093512395,-19.377284117662,
99265.639889404862,175466.009813728451,767.656530433652,0.072224680097,-23.591643726540,-19.077093512395,-19.377792686457,
188211.289756580867,132312.989296994434,773.634150595540,45.648554976301,-23.591335410690,-19.077093512395,-19.378168041887,
139209.565068788797,188876.136497609521,784.390501861969,0.000424092694,-23.590780600680,-19.077093512395,-19.378843458006,
87183.262937789084,79926.434827956560,784.408363422100,0.000001468387,-23.590779679366,-19.077093512395,-19.378844579565,
40517.096097674352,176120.858502315852,784.978921956700,0.000000057276,-23.590750249564,-19.077093512395,-19.378880405793,
71687.781164188098,5066.809020885122,786.917362655219,0.000189265524,-23.590650263019,-19.077093512395,-19.379002123103,
179910.420300533006,47496.322420415949,792.003898201166,0.000000008226,-23.590387891848,-19.077093512395,-19.379321511123,
134041.386105646467,195324.265110681910,792.958040369986,0.000000035071,-23.590338675281,-19.077093512395,-19.379381422142,
20221.556077495028,74387.873489433390,799.759122212764,0.000006082896,-23.589987857382,-19.077093512395,-19.379808461589,
188904.693144431134,183942.845189277403,803.067445007558,0.000000069763,0.284988890348,8.395738658930,-15.244202324677,
85305.489542057680,178154.801217847358,807.226444714583,0.002114630358,-23.589602664139,-19.077093512395,-19.380277326896,
68949.770869172891,9761.223684804499,810.730473753533,0.000000009073,5.281199355247,6.608617236244,-16.461572497217,
126268.583043787046,117208.148536626861,818.680467283766,0.000000040666,-23.589011803431,-19.077093512395,-19.380996498037,
103654.345715100368,168926.388346481981,823.523673803749,0.000000225564,-23.588761957940,-19.077093512395,-19.381300586156,
12680.423229670179,98557.305363674066,827.726537649533,0.000013950965,-3.501529400305,1.111946086572,-16.014110871429,
160099.972153745999,125941.744492524085,833.405641820634,0.000000122023,-23.588252166734,-19.077093512395,-19.381921030638,
152014.903559352155,176173.900602233130,854.921417512242,0.000000294196,-23.587142153928,-19.077093512395,-19.383271863380,
136656.831490051962,34359.252288467258,855.184700044962,0.000000032245,-2.337510308109,-16.893779472230,-9.555895829899,
5473.749521099580,9939.860727633799,858.790280465897,0.000009845761,-23.586942548568,-19.077093512395,-19.383514756872,
101350.323817521887,85009.947804717842,862.920292227975,0.000000050059,-23.586729467077,-19.077093512395,-19.383774043417,
106086.184650133102,16857.043166903506,866.770486758122,19.601135894550,-23.586530819732,-19.077093512395,-19.384015760651,
79411.242021259197,43903.152400952262,866.954806200064,0.024924367777,-23.586521309883,-19.077093512395,-19.384027332259,
121919.373110299013,15565.680317762421,869.157706605569,0.000000696606,-23.586407652028,-19.077093512395,-19.384165630526,
174689.899628589948,134879.265179286071,872.516181327620,0.000000152235,-23.586234371159,-19.077093512395,-19.384376474576,
79081.602411852975,57091.209533017565,874.982313478576,0.109287234952,-23.586107129623,-19.077093512395,-19.384531296610,
10842.601147891106,51939.123686759282,879.040947936680,0.000343921576,-23.585897719761,-19.077093512395,-19.384786093024,
13489.222758356978,130697.970966150227,879.428067060032,73.602916132796,-23.585877745757,-19.077093512395,-19.384810395811,
182752.745043137606,45820.313000800736,895.033473632235,1.703880073017,-23.585072540418,-19.077093512395,-19.385790063408,
166874.237885450042,21224.893034414305,923.621366960044,0.000000400245,-23.583597361199,-19.077093512395,-19.387584651632,
45185.536408541615,89688.649086538790,934.000439754673,1.070235609135,-5.386353963014,14.075102220736,-0.443637731901,
70601.170206776937,171895.428881288884,936.074356576621,2.338170078086,-23.582954725092,-19.077093512395,-19.388366345661,
49153.011976618654,135235.823636835528,940.659531426132,0.000014258461,-23.582718100780,-19.077093512395,-19.388654159030,
78894.196408231102,19327.269376343058,955.409813371283,0.000000322413,7.112094279397,10.642397214394,-13.843389959086,
130270.296193246191,63419.468821971335,957.361813970933,0.000011454163,-0.837773015373,2.608754104998,-16.984592927742,
35002.945682410354,10861.962764345768,965.550418223803,0.000000016603,-23.581433510728,-19.077093512395,-19.390216520154,
194002.634935017384,139028.618414193159,983.766518698150,0.000024346349,-23.580493333109,-19.077093512395,-19.391359861715,
1704.387451837008,60125.315689023148,988.094961828496,8.006127623530,-23.580269923400,-19.077093512395,-19.391631531641,
62278.882345470702,38554.401569582362,991.684754392902,0.000004074170,-23.580084636274,-19.077093512395,-19.391856839032,
4848.367715425650,110008.287803149215,994.262765064563,12.836550361149,-23.579951570928,-19.077093512395,-19.392018642525,
188705.722082654072,102561.328931817843,994.487767465310,0.000011306703,-5.565841127879,9.307108589215,-14.166729927754,
86006.810472273253,124212.305518986410,1004.668774264424,0.000002244118,-23.579414448167,-19.077093512395,-19.392671744783,
11641.564899399493,8813.244482020809,1006.411792770025,19.842859394909,-23.579324477710,-19.077093512395,-19.392781138718,
174180.143612965476,99242.113089975130,1035.583958263423,0.000000009502,-23.577818604903,-19.077093512395,-19.394611956768,
182477.409174769680,64831.804095095038,1045.859480447056,0.000000009915,-23.577288146608,-19.077093512395,-19.395256811168,
150875.775945605186,158699.190639074601,1048.929322996422,0.000092850942,-23.577129667206,-19.077093512395,-19.395449460507,
174857.023988541681,126630.073904553210,1052.205526062327,0.000459547846,-23.576960532784,-19.077093512395,-19.395655058669,
34706.223584076797,107176.717784659108,1061.601141470906,0.000000015523,5.722089612029,-5.945654798003,-11.184694444100,
37786.692606272474,191323.410224589141,1067.807131348771,0.060955930211,-23.576155073256,-19.077093512395,-19.396634117318,
31520.646053008662,55321.156414759367,1075.351493787832,0.000001654799,-23.575765568063,-19.077093512395,-19.397107542081,
175365.911448763742,118140.287700603425,1091.243294698183,0.028963138172,-23.574945064863,-19.077093512395,-19.398104760724,
182280.420380625874,29441.009543720196,1097.503412071595,0.000001169944,-23.574621839675,-19.077093512395,-19.398497576761,
77975.568969735454,9832.503338633236,1106.765278099990,0.000106855421,-23.574143614841,-19.077093512395,-19.399078739625,
859.193581522488,15633.693591173991,1114.503712158531,0.865966604683,-23.573744039521,-19.077093512395,-19.399564301253,
53915.102841936969,53143.548391373828,1115.963221309554,0.000016329956,-23.573668676418,-19.077093512395,-19.399655879778,
93828.646634679957,579.372369645337,1119.269741412083,0.000000025287,-23.573497939833,-19.077093512395,-19.399863350035,
187349.615452547558,59306.485233815161,1123.920569544044,0.000477219609,-23.573257785042,-19.077093512395,-19.400155167402,
31995.661489594895,17835.385085982125,1127.284562345766,0.000000120466,-23.573084076315,-19.077093512395,-19.400366240108,
24555.202629019735,26606.307749951873,1131.050993392864,0.000072613906,-23.572889584366,-19.077093512395,-19.400602561843,
126202.089778350040,93641.230996274724,1131.704391667576,0.000001382885,-23.572855843775,-19.077093512395,-19.400643558602,
84291.739771835724,92440.054405861854,1131.979593806014,0.000011877298,-23.572841632698,-19.077093512395,-19.400660825834,
12794.503650842049,104707.434623680820,1132.343454856242,0.000002351256,-23.572822843363,-19.077093512395,-19.400683655860,
45349.551872731288,136768.737442737765,1154.314280772794,0.000000015845,7.675696549886,15.360832663099,-8.317545672706,
5783.618508406718,10488.246905492038,1164.308342310775,0.000000226418,-23.571172129922,-19.077093512395,-19.402689183227,
160847.255967425648,119158.716127890555,1169.953140433154,0.000000265946,-23.570880606573,-19.077093512395,-19.403043332168,
32731.699810008518,87624.668834446420,1172.403374565695,0.000000017029,-11.294621817181,8.547231258665,-11.005178409947,
173295.284198567504,196097.441337170982,1175.949510065235,0.000000110113,-23.570570920636,-19.077093512395,-19.403419533541,
18645.997364007671,51829.089525957817,1209.011914043681,0.000157086874,-23.568863286055,-19.077093512395,-19.405493720144,
11695.648852656926,14721.226150120459,1216.356405847574,0.000183943856,-23.568483926851,-19.077093512395,-19.405954460141,
34367.247753110110,176891.173250472260,1227.650797094974,0.401784525502,-23.567900529038,-19.077093512395,-19.406662973646,
100111.911621943087,108114.309034849182,1242.522571088965,0.001917012397,-23.567132313467,-19.077093512395,-19.407595874782,
66923.930835688312,44033.044773339338,1243.009363384051,0.000000617982,-23.567107167137,-19.077093512395,-19.407626410564,
161649.473395856156,89515.946495959040,1247.540236552079,0.000000039691,-23.566873112877,-19.077093512395,-19.407910624301,
194412.227535784274,198814.777242336830,1248.430547717089,0.248663543863,-4.622340094538,-6.960345276122,-16.538852532518,
114428.822756253430,166354.462859652936,1250.524097472826,0.000407794276,6.667011086970,4.962681404233,-14.076363120292,
85141.925356994601,24368.322010970744,1259.831980875641,0.000792163580,-23.566238133003,-19.077093512395,-19.408681649662,
175444.302160756604,32267.016439153573,1272.150975081931,0.000028221987,-23.565601720131,-19.077093512395,-19.409454363466,
175295.220711373346,50338.022211088050,1283.342962606587,0.000002100904,-23.565023507687,-19.077093512395,-19.410156367260,
1541.056953430719,123124.334218096410,1287.264021408927,0.000000319429,-23.564820928814,-19.077093512395,-19.410402306811,
127643.353876839581,100826.168229635354,1289.226046349684,0.000000008515,-23.564719561144,-19.077093512395,-19.410525369602,
64151.412932083527,88401.339868366849,1302.785157946197,17.979696104057,-23.564019014484,-19.077093512395,-19.411375814309,
114519.707015273700,198752.464193198510,1306.688507823893,0.000000964482,2.275014881755,16.554125270767,-10.068396584754,
54988.006018997025,84393.858562997877,1316.961723000030,0.000003467516,-23.563286533587,-19.077093512395,-19.412264959438,
97626.717328708648,141348.273657216749,1322.269336465357,0.018078564268,-23.563012288876,-19.077093512395,-19.412597842473,
24663.630214948949,126145.148673679258,1332.375644569917,0.000000030332,-6.987559468439,11.451575466841,-11.684347838717,
26292.957556871443,51144.545305380794,1361.918907780146,0.000000220296,-23.560963444394,-19.077093512395,-19.415084462635,
18062.547057139611,186713.607289314503,1362.154685432264,0.000000136248,-23.560951260069,-19.077093512395,-19.415099248780,
133032.331696267851,148695.655720762734,1362.446684002713,3.521934661870,-23.560936170402,-19.077093512395,-19.415117560643,
171777.268944202719,89269.167621889894,1380.172450928260,0.000010582819,-23.560020126014,-19.077093512395,-19.416229159678,
133926.985282725364,11969.923263237581,1383.396335689707,10.311673371596,-23.559853514250,-19.077093512395,-19.416431327780,
2190.819744177874,195451.738883914426,1387.901813548812,0.000000035107,-23.559620666276,-19.077093512395,-19.416713861529,
176336.635003366478,178653.912963521812,1389.599405887575,0.000000008209,-23.559532931980,-19.077093512395,-19.416820315033,
137710.956550439179,120780.490305720596,1393.020338890784,0.140788053358,-7.220585894806,8.286373328776,-10.986219742243,
88229.662402313072,127553.960721783646,1396.104054813944,0.002493760008,-23.559196756865,-19.077093512395,-19.417228208234,
88573.512204103317,169098.525896702748,1403.244366703162,7.583065436415,-23.558827721114,-19.077093512395,-19.417675955844,
119779.231113370348,137925.972686626512,1408.019416003355,0.000000353258,-23.558580925465,-19.077093512395,-19.417975381013,
113518.192313773383,165397.431182066153,1410.053462709808,0.000466157032,-23.558475795794,-19.077093512395,-19.418102927380,
128454.611454381913,167632.226345355652,1422.489659783270,0.000003153730,-23.557833016111,-19.077093512395,-19.418882735739,
130445.494749601945,153727.532503934461,1424.758936787227,0.000000943691,-23.557715723031,-19.077093512395,-19.419025027847,
122332.643477813734,180307.613081563322,1425.743713391520,0.024558216073,9.495241521393,-14.556347712408,-3.095983511487,
14894.066718492937,83959.458179213980,1428.207691882854,0.000000034929,-23.557537464135,-19.077093512395,-19.419241276250,
2404.667514787984,6854.178973183456,1435.573609525640,0.000004054233,-23.557156728689,-19.077093512395,-19.419703138290,
65328.200488656752,65030.338800981393,1440.624315052828,71.519872619236,-23.556895658553,-19.077093512395,-19.420019826235,
26597.403826624031,8433.483480993820,1443.740259483255,0.000005754976,3.155738009738,13.837947011331,-9.686572957176,
51607.068862207474,153848.287808960828,1478.042324816443,0.000001471103,-23.554961395160,-19.077093512395,-19.422365890690,
55011.921310335812,190802.748938556790,1479.896546444326,0.000000008277,-23.554865538103,-19.077093512395,-19.422482143156,
135995.344488009490,130976.013034786927,1482.526951271745,0.000000045810,-23.554729553989,-19.077093512395,-19.422647058466,
918.720868790745,108043.860430132787,1486.693415462119,0.000000705095,-23.554514157778,-19.077093512395,-19.422908276320,
141745.827914328343,121029.944457299105,1489.248229097352,69.534602236413,-23.554382078630,-19.077093512395,-19.423068449996,
41758.079174476268,192833.636049211666,1491.696316941002,0.155881482434,-8.341341927191,9.819870908372,-11.117587591758,
24864.495888809390,31477.509550098224,1493.993777713014,0.000000108720,3.656317381647,3.078027627236,-13.271640421847,
125361.753313839872,183820.618861405208,1494.546085901047,0.111503871916,-23.554108185715,-19.077093512395,-19.423400595543,
193186.699438069132,129890.581079737371,1514.220558897678,0.004075800062,-23.553090997797,-19.077093512395,-19.424634039509,
4936.280448960129,68241.292003958544,1517.060439114187,0.000000808223,-23.552944168105,-19.077093512395,-19.424812074598,
137468.241378711595,136615.705749483255,1517.169189130756,0.000000150940,-23.552938545396,-19.077093512395,-19.424818892235,
103118.121713068176,96018.928467113612,1526.460625815250,0.000000318690,-23.552458142765,-19.077093512395,-19.425401374300,
86777.887952420671,79180.692241641853,1530.887368796049,205.737866588762,-23.552229258221,-19.077093512395,-19.425678883569,
90411.409471945255,5351.967858429174,1531.030990804716,0.000107834440,-23.552221832202,-19.077093512395,-19.425687887076,
78882.421485187588,176465.193393761554,1532.406508268337,0.000000040031,-23.552150710445,-19.077093512395,-19.425774116668,
154045.256198053219,163314.706615129573,1533.780381527149,14.312058806337,-23.552079673371,-19.077093512395,-19.425860242947,
151407.903695172048,176262.218470458669,1545.271331060562,132.336128170948,-23.551485513589,-19.077093512395,-19.426580584923,
120751.885310537793,63219.239339472842,1560.069215878001,0.000018563665,-23.550720330437,-19.077093512395,-19.427508204525,
120124.795249609553,144517.165306140087,1566.773802616116,0.000004811142,-23.550373631224,-19.077093512395,-19.427928478072,
16069.312448018525,173116.874295744667,1567.346617479054,0.000000076729,-5.960077383068,-9.009635296757,-11.859422912370,
59955.092020822587,157535.783482709434,1573.245262946715,0.000028210333,1.054069809403,10.138533212822,-14.386256312645,
148334.089266207448,147944.121422620665,1601.260584565392,0.000000163013,-23.548590175422,-19.077093512395,-19.430090166269,
9095.286631268085,102770.088942272880,1604.246138510131,0.000000162397,-23.548435770598,-19.077093512395,-19.430277298004,
25347.735189986899,147881.727852019743,1604.447365889364,0.684470895008,-23.548425363591,-19.077093512395,-19.430289910722,
42967.131312769590,58565.928271246579,1619.876993628983,0.000047527218,-4.680213445987,-4.266080576721,-16.066651571484,
154664.153040823498,114572.915257235669,1620.804615255282,0.000004525298,-8.609558043837,10.204316693448,-3.815022625674,
74807.724615849525,150923.031066456781,1640.167583257834,0.000009720755,-23.546577893487,-19.077093512395,-19.432528724416,
97708.101973638506,13066.791303016846,1645.131732839762,0.000000068001,-23.546321127973,-19.077093512395,-19.432839845418,
131351.483044421737,139671.412047694437,1654.849369444819,0.000005285980,-8.145025223919,-1.860883762718,-14.181416344958,
178796.264752564457,190143.339788608078,1664.479422909706,0.000000538313,-23.545320349476,-19.077093512395,-19.434052401902,
106824.079789470765,11339.337991635311,1686.869994181857,0.839718953426,-23.544162096963,-19.077093512395,-19.435455597214,
159864.759350482083,186462.566043196712,1690.988750519610,0.182217057807,-8.193543527535,-2.564626832362,-12.980459836372,
85728.027306833639,53469.050947747695,1702.626765710160,0.000056437626,-12.165202848940,-12.235058782263,-9.625208743240,
92290.121196192224,117428.293414859363,1719.343848023143,0.022839418740,1.092854713027,-6.764676460625,-12.235059743557,
103224.769652909279,60022.923215207993,1721.958501502447,0.002271188459,-13.009654037547,-8.657171371851,-7.998283134690,
49174.434445617844,186931.510310062178,1727.223185288137,0.000000806043,14.741237671888,10.763109855860,-0.704594883105,
77175.978525344966,63610.874483864376,1731.330543264428,0.000000272349,-23.541861928191,-19.077093512395,-19.438241691915,
190905.273238479393,129176.755901532306,1747.150408264006,0.023747349989,-23.541043407143,-19.077093512395,-19.439232968981,
2771.515365003419,135824.333213387901,1747.809831760217,0.000000011023,-23.541009287609,-19.077093512395,-19.439274287896,
175534.249181408173,174771.095707723522,1762.512124533704,40.565782480141,-23.540248550801,-19.077093512395,-19.440195505339,
121468.935345735241,177951.518411442754,1766.468414698974,0.000002673476,-23.540043835375,-19.077093512395,-19.440443393810,
26793.221135636846,189304.688732113456,1772.758696566213,1.647489730816,-23.539718343842,-19.077093512395,-19.440837518273,
50608.257496294143,39192.241947982853,1773.844302238430,0.000012632251,-23.539662168356,-19.077093512395,-19.440905537526,
158957.111807151174,91367.068018241611,1779.153339302277,0.000000018046,-23.539387445367,-19.077093512395,-19.441238176006,
178553.916255058837,155877.040933717537,1781.496592592367,0.000000592035,-23.539266189212,-19.077093512395,-19.441384991629,
84605.121798815235,43784.856673381837,1788.352747486531,0.001254157213,-19.424363573150,2.736223355623,-2.074566135419,
71424.077426464908,184820.512210950284,1808.994046781319,0.719342013971,9.936587552058,-4.906333652492,-15.030254592097,
105925.396673947049,150927.822638215905,1812.795088745663,0.000000982274,-23.537646500326,-19.077093512395,-19.443345914348,
195707.632048735541,103650.358882767672,1827.967163266093,0.001339247855,-23.536861290702,-19.077093512395,-19.444296431128,
100380.968253761705,51042.456059679142,1835.537929421320,0.000000157954,-23.536469461868,-19.077093512395,-19.444770720939,
105029.201753269968,38256.289964430624,1842.861635066986,0.000001631052,-23.536090410694,-19.077093512395,-19.445229525490,
138220.708635285409,3489.596158771668,1844.448659712066,0.000000025426,-3.583299317270,-3.491711732162,-20.311536672119,
128751.379753270419,17.803196687138,1847.437128704002,0.000000549018,-23.535853593488,-19.077093512395,-19.445516160421,
152469.700505053275,37123.173721371197,1860.372020233927,0.000005839346,3.116211570224,8.203438295496,-13.343331070814,
115348.197694316841,196420.232564647944,1866.845834142502,0.000004827077,-23.534849003941,-19.077093512395,-19.446732000031,
1733.698816550833,185656.163686697255,1872.790182110411,0.940269508155,-1.718007097302,1.126827219852,-16.129767233107,
130315.891439058731,66379.385500292759,1877.647214151302,11.950849934394,-23.534289900128,-19.077093512395,-19.447408619558,
6413.249518591635,33633.680931682218,1887.016267931534,4783.523276451719,-23.533804921006,-19.077093512395,-19.447995502349,
116772.208896827884,32114.719505295740,1903.824669083095,0.000000074597,-23.532934815257,-19.077093512395,-19.449048359758,
4893.996664414679,7955.908840777770,1907.347089410732,5.638956487830,-23.532752467256,-19.077093512395,-19.449268994854,
117641.773536538967,100632.288306464630,1913.737310415120,0.000000433955,-23.532421654182,-19.077093512395,-19.449669257062,
184875.120547235303,59695.027610905883,1930.691470746407,0.000000173007,-23.531543927326,-19.077093512395,-19.450731182031,
3089.531649263288,42008.740034064387,1931.286261480326,0.000000607747,-23.531513133779,-19.077093512395,-19.450768436083,
172578.575617088529,53573.658717023107,1939.250997099990,0.014915284617,-23.531100777399,-19.077093512395,-19.451267293501,
88690.351157566227,108597.470474862435,1944.583466108381,0.002679092877,-23.530824694824,-19.077093512395,-19.451601278578,
16294.693247978743,121904.139008800790,1960.814304595862,0.000002649943,-23.529984332271,-19.077093512395,-19.452617830061,
50143.807911692973,20507.490557079076,1966.910044255851,0.000000017156,-1.212338298823,4.047994275555,-16.052783719802,
112433.020854722708,144332.175376893778,1968.371666562883,0.000068246003,-23.529593029808,-19.077093512395,-19.453091141794,
161562.241535138659,71020.891804077808,1971.918124820061,6.502822371107,-23.529409399239,-19.077093512395,-19.453313251020,
51973.805479831637,22937.201194224486,1978.810187727782,0.000036645702,-4.451014683890,-2.974082121708,-15.408953577765,
59603.960926411717,199164.221935483452,1996.010145506182,0.000000634067,-23.528161893139,-19.077093512395,-19.454822051347,
91484.902340803645,146634.206690191641,2009.664244854745,0.000000014472,-23.527454828861,-19.077093512395,-19.455677125076,
69344.555731442801,110408.403028985224,2010.384142241934,0.001604317329,-23.527417548806,-19.077093512395,-19.455722207193,
140046.379070573719,170363.057117853838,2012.614545637242,1.815281760180,-23.527302046323,-19.077093512395,-19.455861881202,
193340.401012798160,36461.391531282097,2013.811663693370,0.000033311694,-23.527240052657,-19.077093512395,-19.455936847758,
1726.924273115382,145422.247974137397,2019.723071276109,2.433652411349,-23.526933922425,-19.077093512395,-19.456307032146,
87086.340031566389,180375.701180313132,2037.002471922051,0.000107700843,-23.526039051933,-19.077093512395,-19.457389075779,
37267.105820140343,181903.382899660501,2047.465597690849,0.000002276167,-23.525497160424,-19.077093512395,-19.458044261287,
65219.468310252225,3964.383438184105,2053.701331122450,0.000000769498,-13.876255653523,-7.040620116197,-5.705896748329,
136622.369214865932,182237.144065704575,2053.805840212104,0.000085041410,-23.525168786606,-19.077093512395,-19.458441270590,
29577.154840750962,5799.235495399757,2060.893167276440,0.000001406557,-23.524801711867,-19.077093512395,-19.458885053791,
171896.654874678730,142636.621267483250,2070.037135706790,0.002088936563,-23.524328104887,-19.077093512395,-19.459457606340,
17954.726805343067,22352.294079280589,2072.121424850233,0.000000558800,-23.524220148295,-19.077093512395,-19.459588113161,
68756.852098172822,52813.029494046226,2088.649223552076,0.000006057058,-23.523364058673,-19.077093512395,-19.460622972620,
20270.642403949423,117660.366864355907,2096.575878983711,0.000002006695,-23.522953465923,-19.077093512395,-19.461119273036,
30023.203044009784,129318.454689031336,2101.615770680387,0.000000016877,-23.522692399157,-19.077093512395,-19.461434824133,
149079.110058517806,181814.662861525780,2104.389152024969,0.000000016517,-23.522548736004,-19.077093512395,-19.461608465942,
55396.182502617419,118565.412845829400,2106.504936459374,0.000566138770,-23.522439135980,-19.077093512395,-19.461740934804,
77025.898919190033,129371.724498119773,2108.426797123167,0.000311706538,-23.522339580777,-19.077093512395,-19.461861261604,
65494.851902760965,122992.971724803007,2128.283048062460,5.034947052605,-23.521310961819,-19.077093512395,-19.463104422387,
99305.742813692559,51931.696919036229,2130.000031148296,0.000000412950,-23.521222013375,-19.077093512395,-19.463211916763,
186815.682906136033,118834.951458914613,2135.126781881521,0.060890553391,-23.520956418727,-19.077093512395,-19.463532882487,
35604.486082467665,48261.144094394193,2141.027887912957,0.022494144458,-23.520650702684,-19.077093512395,-19.463902323060,
121000.369633316091,25404.105515068244,2156.558900262672,0.000162386785,-23.519846066507,-19.077093512395,-19.464874623976,
102823.998362828701,38628.657628386653,2170.443267077839,0.000000099099,-5.584529735690,-1.657993638975,-15.784323880946,
86795.955796671857,80361.297452827101,2189.312421965827,0.000000123838,-23.518149028715,-19.077093512395,-19.466925010964,
53605.897668123318,155086.353406824579,2193.152380180179,0.007709417091,-23.517950059637,-19.077093512395,-19.467165384610,
85554.460620752667,113558.414666630037,2206.938453648855,0.000000012588,-23.517235708139,-19.077093512395,-19.468028348222,
196559.529590701190,31649.947359615417,2220.034434839498,0.000000135456,-23.516557085754,-19.077093512395,-19.468848090008,
106034.639652682628,186060.267645786575,2220.849973077848,1.062744723832,-23.516514824316,-19.077093512395,-19.468899137780,
12601.900274004474,36649.431988778437,2247.271154066282,1.473940633373,-23.515145611065,-19.077093512395,-19.470552894300,
7602.451607273552,115857.236086819146,2264.320348946627,0.000161591928,-23.514262016399,-19.077093512395,-19.471619987650,
27983.977904090618,189439.075670947699,2271.396195472616,0.000074973960,-23.513895288066,-19.077093512395,-19.472062846581,
77406.714401133780,5235.181071687234,2280.767058421676,0.029962064806,-23.513409600364,-19.077093512395,-19.472649333997,
121946.359481381995,193553.151763117494,2282.897331586607,0.000000013712,-23.513299187204,-19.077093512395,-19.472782658171,
125654.468517012923,72954.950284426202,2291.608834520240,16.649069583953,9.596470775338,-6.044965152905,-7.022961822765,
40209.068339965423,8572.567231129269,2300.987525263601,0.001027453131,-23.512361532607,-19.077093512395,-19.473914816475,
142747.118367665971,89445.435975984758,2307.536469980764,0.000001435399,-23.512022072935,-19.077093512395,-19.474324665086,
100929.979605970482,113642.942816482289,2311.812800988476,0.000044653360,-23.511800408636,-19.077093512395,-19.474592284917,
30462.395551285957,70452.060593060887,2322.352523960635,0.000000163409,-23.511254067439,-19.077093512395,-19.475251867322,
24375.112438134085,121475.560005632404,2323.268785720546,0.000000011678,-23.511206570867,-19.077093512395,-19.475309206822,
65380.401563393134,62221.369777672451,2325.882232310781,0.009638251058,-3.241704577785,-19.414208773055,-11.545023585202,
105332.947385220410,125936.211760955950,2327.631951299205,0.000210039168,-10.634453616043,10.412315443544,-6.783366467260,
80158.141505791165,62120.112934616613,2353.676772459765,0.577179817725,-23.509630222246,-19.077093512395,-19.477212067763,
14001.998813685534,28537.583935320778,2355.215876504065,0.000079483531,-8.015491879187,-10.837974089631,-1.227508467874,
50236.140392624475,187521.503378083697,2358.749552455665,0.000000082895,10.418532958576,12.805657051434,-1.994913707938,
25116.853711841715,18532.227738280249,2377.145815787250,0.000000075007,-23.508413482827,-19.077093512395,-19.478680618557,
104115.873476003399,182810.806842160935,2387.853881715926,0.426782612259,-23.507858298647,-19.077093512395,-19.479350639332,
41368.771984699371,7473.253183382278,2388.113877522126,0.000000909565,-23.507844818338,-19.077093512395,-19.479366907480,
161739.102547584887,9429.191061988762,2398.253321168255,632.536243450397,-23.507319097656,-19.077093512395,-19.480001333683,
176756.825288753840,89020.646525116696,2405.622016290189,0.000112615610,-23.506937026946,-19.077093512395,-19.480462384926,
111017.622031640029,160182.451805506134,2413.245536147377,0.000000361064,-23.506541733940,-19.077093512395,-19.480939372367,
151252.295141971292,190070.698102796741,2416.559936515127,24.531042473983,-23.506369873385,-19.077093512395,-19.481146744864,
45624.693020130122,36214.408855957547,2419.256080141120,0.000106353932,-3.994298278033,6.662412516452,-12.518671763160,
132745.333850043244,24975.408882935189,2426.497830745777,0.000002324819,-23.505854555933,-19.077093512395,-19.481768521227,
55008.470509674458,188554.260964589601,2427.333580858289,27928.008337252526,-2.647860754665,8.265968195039,-15.627228027571,
16299.316476763970,57891.434440949393,2436.538415710823,0.000018244051,-23.505333896889,-19.077093512395,-19.482396708698,
133899.120671213605,59060.448230899063,2449.540681339868,0.000001327339,-7.594684824202,-7.734438562209,-14.796822158059,
147119.299237246392,163910.275017860957,2451.664829174996,24.358155876563,-23.504549478219,-19.077093512395,-19.483343063891,
62941.515754272827,116339.207973855911,2481.689758318296,0.000592993716,-23.502992346208,-19.077093512395,-19.485221422745,
165129.997998975130,136643.963851761131,2481.846487320222,0.000000009792,-23.502984217645,-19.077093512395,-19.485231227380,
38458.312391981723,19572.884594680872,2497.643747003684,0.036319415180,-23.502164890459,-19.077093512395,-19.486219453270,
177789.683505035064,172824.994844314817,2511.337470422258,0.000000199509,-23.501454629874,-19.077093512395,-19.487076060797,
40983.395231298724,123757.305343794884,2516.940407943125,0.000000620655,-23.501164009948,-19.077093512395,-19.487426543719,
121290.726803843092,169277.736908658291,2527.004481156737,0.000003097011,-7.628787376263,5.117994802790,-17.787177675539,
196751.654127182323,138607.160632092040,2528.911744719517,0.000000016811,-23.500543048690,-19.077093512395,-19.488175377289,
107062.754557589564,62321.236517237776,2551.083829504101,0.000807830102,-23.499392904750,-19.077093512395,-19.489562237964,
182879.662888514751,98911.263438021793,2556.854650419573,0.000290797022,-23.499093538577,-19.077093512395,-19.489923190832,
116126.719937886082,59771.086807143824,2569.251390820345,0.000000402685,-1.711206187446,2.679514802015,-12.208140954996,
153865.700715849700,80950.462464299708,2584.119331031164,0.000026771836,-23.497679085421,-19.077093512395,-19.491628477834,
32734.124348878147,15697.922147921250,2586.242642844119,110.459123287855,-23.497568925809,-19.077093512395,-19.491761277426,
93770.979827759904,119262.716726842773,2604.451351444763,0.000005316256,-23.496624208336,-19.077093512395,-19.492900090329,
92391.787091092730,37409.966722764599,2609.576122982074,7.215124214663,-23.496358311268,-19.077093512395,-19.493220596603,
182547.259370258660,135273.552467829344,2610.237550340945,0.000000010159,-23.496323993015,-19.077093512395,-19.493261962396,
28564.826445585579,167527.386182124756,2610.890436594143,0.000000458107,-23.496290117847,-19.077093512395,-19.493302793967,
147766.450803046813,51383.855102419337,2614.532174000375,0.000014651982,-23.496101164036,-19.077093512395,-19.493530547561,
140735.370518698764,167420.655806350172,2618.264530882054,0.000001175818,-23.495907506119,-19.077093512395,-19.493763966541,
72807.905583102664,80389.013982516262,2628.268747588516,0.000172462565,-23.495388413565,-19.077093512395,-19.494389613810,
198402.056534472969,179231.486912555003,2669.689233972017,0.006023028503,-23.493239035990,-19.077093512395,-19.496979835788,
41334.700493557939,48348.620796189200,2676.285348873238,0.577736427574,-23.492896726303,-19.077093512395,-19.497392300679,
25702.669646766553,127427.132769576929,2687.357411837239,0.000001561424,-23.492322118108,-19.077093512395,-19.498084639737,
113537.231422780358,61838.173435042918,2689.689502386681,0.000002928964,-23.492201086717,-19.077093512395,-19.498230463828,
17272.097637858064,8161.439052183406,2705.629586352626,0.000058279661,-23.491373800228,-19.077093512395,-19.499227166667,
147755.554316749622,11053.471707783547,2725.770490187329,0.000000018825,-23.490328431742,-19.077093512395,-19.500486488501,
165710.571108291886,30540.656912958351,2728.634165285464,0.600707582929,-23.490179793619,-19.077093512395,-19.500665536919,
144149.100091778848,92770.001161821609,2731.991125083792,0.000000031179,-23.490005549976,-19.077093512395,-19.500875426026,
121065.053546734198,70894.008133835989,2732.743642888225,0.000000062925,-23.489966490144,-19.077093512395,-19.500922475905,
172339.001743747125,193102.980889257131,2734.876567163272,0.000047968576,-23.489855779057,-19.077093512395,-19.501055832914,
173446.559736344556,6027.969116080168,2739.378160036903,0.000001839522,-23.489622117899,-19.077093512395,-19.501337284341,
40065.518958114233,2917.274698314687,2747.397690385271,0.000000130080,-23.489205845192,-19.077093512395,-19.501838679507,
170445.043553545838,35009.146748093721,2750.997526025692,0.000000026692,-23.489018983721,-19.077093512395,-19.502063744684,
23360.509718756319,153866.103586428915,2756.590183475371,0.126585217952,-23.488728673917,-19.077093512395,-19.502413399434,
157963.902753621369,20455.911048497797,2764.598005150301,0.000000026516,-23.488312986051,-19.077093512395,-19.502914043512,
106185.028125689685,75824.746158031092,2768.066686218669,0.000001920209,-3.700618331990,2.539908265825,-15.691159226250,
40119.510508270163,124185.599826862817,2790.105075438573,0.000000044636,-23.486988837018,-19.077093512395,-19.504508670795,
178494.490609858272,166638.721171747486,2790.595654609928,0.000010703999,-23.486963368513,-19.077093512395,-19.504539339483,
105929.275483697755,130485.384920595025,2801.463383189780,0.000312339438,-23.486399158126,-19.077093512395,-19.505218729984,
18144.245466068809,40043.165984596606,2801.832082937283,0.000093359705,-23.486380016316,-19.077093512395,-19.505241778776,
61717.626529982692,93919.507723360803,2805.995396595319,0.000037866703,-23.486163867746,-19.077093512395,-19.505502041647,
9118.627086637422,131094.695196192653,2811.751952056709,16.321737582811,9.194450047134,7.229704193029,-10.982966803564,
178053.882595701754,16418.833366999384,2813.481544713318,0.000000334137,-23.485775198839,-19.077093512395,-19.505970020200,
61985.618172949078,183300.822202132316,2816.157499786711,0.000003444024,-23.485636265249,-19.077093512395,-19.506137299213,
188472.165705925989,115755.677947506294,2820.994920392383,0.000094366531,-23.485385106952,-19.077093512395,-19.506439693021,
1649.609022219822,74555.806332873093,2837.905699221853,0.004210404292,-1.080409565292,-8.205975379930,-16.516079283196,
44316.099897949847,83289.962623244617,2847.144948316141,16.243273346145,-23.484027333267,-19.077093512395,-19.508074311159,
137761.408954914426,155005.137992448203,2849.378191004800,0.000000138020,-23.483911372544,-19.077093512395,-19.508213905067,
62717.020973451064,110662.715987489020,2851.373024990607,0.000000011339,-23.483807790452,-19.077093512395,-19.508338596108,
39665.677998280713,4136.028418179439,2852.176531369147,0.000010098203,-23.483766068061,-19.077093512395,-19.508388820708,
149372.187578199169,133991.765536757477,2864.131198781319,0.000000008830,-4.391351952693,-4.171806064191,-13.847577007786,
118737.349135291748,74106.048911669146,2864.295460447195,0.000000452985,-23.483136774760,-19.077093512395,-19.509146325179,
148592.463133190409,120679.479100427605,2874.399317159464,0.000002963670,-23.482612098402,-19.077093512395,-19.509777860225,
191718.600737976376,36378.111576548159,2874.443727535463,3.258071191791,-23.482609792203,-19.077093512395,-19.509780636041,
47579.032472956940,21715.277756751108,2880.104784173779,0.000680868998,-23.482315815537,-19.077093512395,-19.510134470544,
66731.183910809166,159202.913773540902,2897.221783608631,0.009475534418,-23.481426903407,-19.077093512395,-19.511204311864,
188505.642872585304,125668.517745172110,2902.991833629072,0.000123903152,-23.481127244840,-19.077093512395,-19.511564940592,
114312.368186336214,63244.512170450107,2914.192794227078,0.000000942004,-3.944629977308,5.830026067636,-18.576848100267,
160015.479434692767,114216.892611075149,2927.658447675200,0.020017469154,-23.479846160193,-19.077093512395,-19.513106554647,
51709.776872363509,105742.379673547024,2928.156113477623,0.000016044839,-23.479820312388,-19.077093512395,-19.513137656904,
191036.767919770587,125550.458121985663,2948.875187473487,0.000024077470,-23.478744167167,-19.077093512395,-19.514432491160,
63353.976045529969,56245.081229057934,2952.445047018555,0.002349461601,-23.478558742038,-19.077093512395,-19.514655582818,
137658.069684130780,128663.323743434696,2956.872692753829,0.000000246077,-23.478328758973,-19.077093512395,-19.514932277743,
151861.088948099670,117237.962809671721,2960.781361402650,0.522549180223,-23.478125730179,-19.077093512395,-19.515176538203,
140869.584043629933,154922.374585690966,2961.552820170983,0.060225509712,-23.478085657841,-19.077093512395,-19.515224747935,
612.714831435390,92988.255217985905,2966.658815378485,0.000000042540,13.783226688152,-7.372791820214,-8.747081127960,
105682.883657814484,55019.474524069548,2980.641891440757,0.047679926491,6.014560501962,-4.647805076843,-12.647965418516,
45313.118098093975,20253.326638159018,2981.732869858240,0.000000195460,-23.477037398232,-19.077093512395,-19.516485803580,
98603.141352439445,111907.973301846854,2981.808975172617,0.000026672969,-23.477033444797,-19.077093512395,-19.516490559299,
69543.817409962561,194430.168187029660,3009.788735971304,7.221836205284,-23.475579914099,-19.077093512395,-19.518238927118,
190552.341728977306,72008.933246039524,3013.118666184795,0.001085346229,-14.886534515757,-2.472175496328,-2.454926874014,
24037.794227764221,56742.698463704764,3017.649510098732,0.012232442199,-23.475171528498,-19.077093512395,-19.518730102825,
126511.451830400576,49366.691481115391,3023.900183594821,0.000000475436,13.133594057428,-1.830654054299,-15.399614801349,
111321.335720285380,177744.250975078176,3024.589888532654,0.000000274082,-23.474810951049,-19.077093512395,-19.519163761080,
16740.688334205301,108882.941952318826,3046.136934749406,7.423178346423,-10.821151445020,-4.020269532279,-16.712284335561,
105024.202793812059,68225.027323990056,3057.850177957881,0.002499313509,-23.473082849017,-19.077093512395,-19.521241883715,
57200.727018891652,119804.780457263943,3067.954157239308,74.154253977681,-23.472557841004,-19.077093512395,-19.521873156028,
129072.387851313295,171310.656641075271,3072.152534953748,374.002419833077,-23.472339686113,-19.077093512395,-19.522135456426,
110326.067823414371,191778.689441729512,3079.445181050412,0.001037544257,-23.471960740783,-19.077093512395,-19.522591070410,
66104.714125649116,127274.470868096381,3088.891332754030,0.000000011978,-23.471469880418,-19.077093512395,-19.523181215467,
10635.511645183793,151902.643367540557,3092.054273403384,0.000000042802,-23.471305517882,-19.077093512395,-19.523378816321,
197707.268857318471,6757.757618977344,3094.021511263460,0.000000028947,-23.471203289316,-19.077093512395,-19.523501716417,
88626.859028450883,97623.960075029579,3100.073257545800,0.000316722464,-23.470888803063,-19.077093512395,-19.523879786394,
178105.502726763109,120528.304083126757,3104.832209862081,0.000004733269,-23.470641494122,-19.077093512395,-19.524177088260,
43068.061380131527,143345.175405789400,3105.605943441575,0.000026953402,-23.470601285088,-19.077093512395,-19.524225424732,
43199.601621719499,110420.967528860274,3105.895767440059,0.000003048220,-23.470586223617,-19.077093512395,-19.524243530521,
195622.442098969943,23414.168733762119,3129.563718232044,0.000000254538,-23.469356208790,-19.077093512395,-19.525722067680,
45149.251344159587,133230.073206394212,3136.841577722978,0.000427643787,-2.529345608741,-7.700981677237,-14.746881656030,
148518.098172584811,134678.324626116431,3146.326226413451,2470.692845270092,10.747614097688,4.876485309220,-11.437076068022,
27665.543382478019,87550.287934416439,3151.017648697969,3.133738037064,-23.468241175326,-19.077093512395,-19.527062227997,
116093.911174851266,100646.026722624898,3163.432712872806,0.000001710270,-5.231961909196,-12.578346951421,-13.764126534495,
189402.710853207915,126243.691088314939,3163.814938386515,0.000000168441,-23.467576020366,-19.077093512395,-19.527861604581,
168634.130556610908,91397.580794605179,3178.042965067539,0.000006919154,-23.466836469129,-19.077093512395,-19.528750324853,
150332.784281241038,129306.204039966804,3178.315236555183,0.009692176255,-23.466822316547,-19.077093512395,-19.528767331373,
126948.077701229937,146866.040148514527,3194.375686026573,0.000011281460,-23.465987477593,-19.077093512395,-19.529770475373,
54509.609977686014,102906.884347071318,3198.241817624178,0.000000068847,-23.465786505616,-19.077093512395,-19.530011950641,
190369.570950846624,54036.069574509012,3217.151630426442,0.000558813027,-23.464803486654,-19.077093512395,-19.531193011489,
171703.133822192147,174358.588042256044,3229.424945867399,0.041512309575,-23.464165431506,-19.077093512395,-19.531959546401,
87094.404754930292,127076.388739361093,3245.598173032080,0.000000611119,-23.463324592667,-19.077093512395,-19.532969620067,
28526.555787339690,64082.143008508319,3257.100136681026,0.000000202715,-23.462726584278,-19.077093512395,-19.533687935225,
122494.650663251887,111122.677385950985,3263.220069494289,0.007408917751,-23.462408388669,-19.077093512395,-19.534070126899,
37094.915546559729,30299.714796350076,3264.500258478393,0.000320750682,10.040234895989,-2.239692307452,-16.847029462106,
6996.456988180677,45469.019794629428,3264.791536926252,0.000000024327,-23.462326681875,-19.077093512395,-19.534168264666,
88705.930399557343,150305.318312312942,3273.851341244786,0.000000017778,-23.461855618798,-19.077093512395,-19.534734040728,
54404.252172724795,105398.007130656275,3280.292743824792,0.000038103428,-23.461520690802,-19.077093512395,-19.535136293212,
124762.192661615918,124320.113490647171,3281.858766720091,0.002152322726,-23.461439262647,-19.077093512395,-19.535234087270,
97074.493784098886,22029.929112680424,3299.579485789751,0.000003757787,-23.460517813665,-19.077093512395,-19.536340676647,
159592.440889461868,1275.282046157145,3311.644907285523,0.000000138490,-23.459890401241,-19.077093512395,-19.537094089989,
164712.537905082369,85435.146087293542,3313.240857344349,0.000000037994,0.894266872000,11.838613920897,-11.263216878496,
57380.804002866535,48919.889872271895,3315.074214203982,0.000003211045,-23.459712069874,-19.077093512395,-19.537308226006,
120235.345523977390,128773.243628132914,3318.950074656043,0.000000018457,-23.459510514409,-19.077093512395,-19.537550244175,
98789.478660325185,17316.702171169341,3336.620070186290,872.091479186507,-7.261925253077,-7.013963302329,-14.827035286524,
183244.349468293978,99381.354499026362,3339.191296648996,0.000000023926,-23.458457874313,-19.077093512395,-19.538814121599,
90654.075121291753,101875.112904272959,3343.359007097119,0.000000376530,-23.458241125030,-19.077093512395,-19.539074349601,
65647.999507099099,69288.420299205085,3343.524081641227,0.923503663298,-23.458232539983,-19.077093512395,-19.539084656642,
192233.627079868893,15099.052459067752,3361.800210976624,0.000000073596,-23.457282022411,-19.077093512395,-19.540225772504,
36341.038904944042,186758.374355548614,3384.652623932699,0.073213471464,1.550910521590,-8.464630158518,-15.311994312042,
101074.048009338905,148371.941501190217,3397.858716209342,0.000072307252,-23.455406503952,-19.077093512395,-19.542477039866,
88214.669087745628,54219.883447022556,3398.784943910982,1638.361081951027,-23.455358325041,-19.077093512395,-19.542534865346,
118016.826458032258,457.568242005579,3400.315356414121,0.000000046909,-23.455278718356,-19.077093512395,-19.542630410555,
38232.109064107433,13023.881493829536,3405.636077039863,0.000000070350,-23.455001950151,-19.077093512395,-19.542962585998,
52008.598131806713,5705.890154347592,3412.674844044946,0.000286505299,7.366701044449,4.149533471944,-14.689803228535,
12848.950761757183,125260.334335052743,3413.803359439679,0.204677830123,-23.454577103059,-19.077093512395,-19.543472466171,
62481.917891989979,64354.012937584579,3413.960273442128,0.000043063920,-23.454568940558,-19.077093512395,-19.543482262174,
165763.938228288229,35620.070931452166,3417.266258039104,0.000001089299,-23.454396966048,-19.077093512395,-19.543688650773,
115018.087713359637,116642.719309817927,3420.077941879248,10.231009507801,-23.454250703206,-19.077093512395,-19.543864179595,
118353.784539877466,75525.026829131253,3425.629810926172,0.000000027670,-23.453961893000,-19.077093512395,-19.544210770482,
165694.126283419406,162680.452979817142,3438.340367338454,0.000003506009,-23.453300666062,-19.077093512395,-19.545004246268,
147495.883895556763,137293.546780893928,3440.613645153608,0.000000318787,-23.453182403054,-19.077093512395,-19.545146156742,
181764.185576097603,3336.075518525039,3453.439403005395,0.000000031624,-23.452515151064,-19.077093512395,-19.545946797442,
83109.141787528861,115299.959553384528,3454.201903146083,0.010527143692,2.385143940703,-7.194085050149,-17.258755613376,
191316.116672465345,67948.403283377571,3455.879337468329,0.000000020040,-23.452388211923,-19.077093512395,-19.546099106384,
157219.516446965979,38005.561809343002,3461.430808004445,0.000109336163,-23.452099389418,-19.077093512395,-19.546445644878,
5857.226657209957,102085.272190653937,3469.330328406475,0.000373450624,-23.451688397741,-19.077093512395,-19.546938747910,
164093.140728862461,7969.500178493494,3478.279098373391,0.000000675087,-23.451222803799,-19.077093512395,-19.547497336639,
42653.260582003757,187046.879535191285,3491.281364456993,0.001516685185,-4.622280535495,17.966539460235,-4.523872026857,
51229.756034473685,123834.530862094791,3498.586151476461,0.000001323396,-23.450166202416,-19.077093512395,-19.548764876544,
41427.496560021202,43226.421904904841,3516.013961859323,0.000000524465,-9.601961454405,10.994734187775,-3.784192535490,
100622.934552259612,76534.987249259138,3517.913739054153,0.000000234633,-23.449160500214,-19.077093512395,-19.549971226438,
43480.785522622158,15381.961569600788,3530.121679990971,0.011938627867,-5.072159360976,8.358782123289,-10.557523161480,
14626.739259032884,110967.809493983863,3532.617806049849,0.000028809965,-23.448395339219,-19.077093512395,-19.550888960225,
114053.346854574353,170296.390956044168,3544.713848270591,0.000000041508,-23.447765866064,-19.077093512395,-19.551643895324,
136753.615068651270,109378.849269524304,3549.451556491026,0.000950769630,-23.447519311022,-19.077093512395,-19.551939578430,
121217.924657560114,135493.341335757927,3555.512124719050,0.151351307323,-23.447203907581,-19.077093512395,-19.552317817477,
109834.833518733489,175643.319707988587,3557.847333267867,0.000000187199,-23.447082377289,-19.077093512395,-19.552463556083,
194806.092686999153,190955.001610741281,3559.035591151385,0.000000053021,-8.573054794444,-12.450272496735,-6.216097770972,
153149.734768361319,121646.414953477390,3560.549730280559,0.000000131252,-23.446941736416,-19.077093512395,-19.552632209716,
54930.762974394784,193475.948390855949,3565.905603488889,0.000067421607,-23.446662997088,-19.077093512395,-19.552966460881,
185108.552973543934,11402.697143678586,3578.457282691436,0.000004703433,-23.446009742875,-19.077093512395,-19.553749774821,
16052.925510741179,47261.574710590648,3579.623233652977,0.000583391660,-23.445949059448,-19.077093512395,-19.553822537323,
92380.022995153980,166821.941778227745,3586.220314306633,0.000256165987,11.698567092780,6.092231138571,-4.953389513418,
74311.690119428138,16604.320756128298,3589.986805747995,0.000000036660,-23.445409663905,-19.077093512395,-19.554469279706,
182381.593363269436,17317.409837820818,3596.174480107332,0.000000173615,-23.445087603889,-19.077093512395,-19.554855416629,
